target,variogram_model,mae,rmse,r2,mape,bias,explained_variance
B,gaussian,0.48384899912450047,0.6761112155279103,-5.290090635273785,526.387359132883,0.07443349911992878,-0.021709517565985353
Ca,gaussian,254.73301233651307,307.97437058100854,-0.23821459812719203,153.31213837232005,-22.522782828656467,-0.019399806961879873
Cu,spherical,2.3641732331583474,2.881179036400593,-3.4997889239858915,1448.5321307373913,0.1744403219459819,-0.06717035001624458
EC,linear,0.1374117321660106,0.23575646265727293,-0.04707989998805473,88.37351992172724,0.0005535714724863063,-0.006645431446857447
Fe,spherical,31.485968514458808,41.74016019285876,-4.901302336319576,215.9810220635904,-11.599040006246616,-0.12253313263848789
K,exponential,176.88883291354466,213.99422199137797,-0.8743011129717988,89.06655251855157,33.89824860639856,-0.012486083537506965
Mg,gaussian,90.34392560096771,113.99531701019457,-0.296277326949421,98.8835488498946,10.732845773728473,0.047715235541617745
Mn,exponential,24.394250604883652,29.834725232369713,-8.740458420308336,211.68779215509323,-0.3053288186812573,-0.9651410482015825
Organic_Carbon,linear,0.8507171721878957,1.069132055258842,-0.14129367603366588,157.85482941794533,0.2991099131456737,-0.01496184890014074
P,exponential,34.97693932350941,45.59501953289323,-0.05764266928103745,140.35017470999395,-2.6883107623700164,-0.03276628153558231
S,spherical,15.926038504982294,24.94896160267788,-0.08604470495546973,214.86861026212205,-2.650168957909836,-0.049410542046256584
Zn,exponential,4.910042165462728,5.863044132504736,-66.28673597080828,570.6121167444443,-0.42265857573634924,-1.4479815576891337
pH,linear,0.7412716765868836,0.888894122934737,-0.5827617956430449,12.532822318147701,-0.19794254848767615,-0.016456115726429632
