samples,min_nearest_neighbor_m,median_nearest_neighbor_m,mean_nearest_neighbor_m,max_nearest_neighbor_m
4908,0.0006637331683363247,123.94491853599354,147.94056869102843,1237.6397079436144
