crs,x_min_m,x_max_m,y_min_m,y_max_m,width_m,height_m
EPSG:32643,581509.6884245536,725505.4141318165,944610.6697048787,1264762.4362057284,143995.72570726287,320151.76650084974
